{"Durat-Prot": 0.5970932734812077, "Durat-Flags": 0.4056669343658516, "Durat-Packets": 0.09614643220944022, "Durat-Bytes": 0.12430163962950921, "Prot-Flags": 0.6494916693381535, "Prot-Packets": 0.739340555879058, "Prot-Bytes": 0.7369597437793928, "Flags-Packets": 0.5021040832367231, "Flags-Bytes": 0.4960996545040146, "Packets-Bytes": 0.1691410539848547}